{
    "initial_point": {
        "position": [ 
          0.108126539606,
          2.17986378117,
          0.0
        ],
        "orientation": [
          0.0,
          0.0,
          -0.710660896348,
          0.703534711583
        ]
    },
    "room_waypoints":{
        "Room01": {
            "door_areascan_1": [
                {
                    "position": [
                        -8.28466590884,
                        0.850859807781,
                        0.0
                    ],
                    "orientation": [ 
                        0.0,
                        0.0,
                        -0.688656452721,
                        0.725087780979
                    ]
                },
                {
                    "position": [
                        -7.8316603145,
                        -0.155554056871,
                        0.0
                    ],
                    "orientation": [ 
                        0.0,
                        0.0,
                        0.999999617778,
                        0.000874324294201
                    ]
                }
            ],
            "room": {
                "position": [
                    -13.866117666,
                    -0.0488589397008,
                    0.0
                ],
                "orientation": [
                    0.0,
                    0.0,
                    0.028675205989,
                    0.999588781731
                ]
            },
            "door_areascan_2": [
                {
                    "position": [
                        -10.5513235958,
                        -0.248137560284,
                        0.0
                    ],
                    "orientation": [
                        0.0,
                        0.0,
                        0.0140537996074,
                        0.999901240482
                    ]
                },
                {
                    "position": [
                        -10.5513235958,
                        -0.248137560284,
                        0.0
                    ],
                    "orientation": [
                        0.0,
                        0.0,
                        0.0140537996074,
                        0.999901240482
                    ]
                }
            ]
        }
    }
}

