{
    "initial_point": {
        "position": [ 
          0.208126539606,
          2.17986378117,
          0.0
        ],
        "orientation": [
          0.0,
          0.0,
          0.677660896348,
          0.735214711583
        ]
    },
    "room_waypoints":{
        "Room01": {
            "door_areascan_1": [
                {
                    "position": [
                        -7.853375466590884,
                        0.48566240859807781,
                        0.0
                    ],
                    "orientation": [ 
                        0.0,
                        0.0,
                        0.8407233855066,
                        0.541441054764
                    ]
                },
                {
                    "position": [
                        -7.9156466590884,
                        0.01333200859807781,
                        0.0
                    ],
                    "orientation": [ 
                        0.0,
                        0.0,
                        -1.0,
                        0.0
                    ]
                }
            ],
            "room": {
                "position": [
                    -13.866117666,
                    -0.0488589397008,
                    0.0
                ],
                "orientation": [
                    0.0,
                    0.0,
                    -0.999625856126,
                    0.028675205989
                ]
            },
            "door_areascan_2": [
                {
                    "position": [
                        -10.5513235958,
                        -0.248137560284,
                        0.0
                    ],
                    "orientation": [
                        0.0,
                        0.0,
                        0.775144978244,
                        0.631783398565
                    ]
                },
                {
                    "position": [
                        -10.5513235958,
                        -0.248137560284,
                        0.0
                    ],
                    "orientation": [
                        0.0,
                        0.0,
                        0.0140537996074,
                        0.999901240482
                    ]
                }
            ]
        }
    }
}

